id,nombre
1,Empleado1
2,Empleado2
3,Empleado3
4,Empleado4
5,Empleado5
6,Empleado6
7,Empleado7
8,Empleado8
9,Empleado9
10,Empleado10
11,Empleado11
12,Empleado12
13,Empleado13
14,Empleado14
15,Empleado15
16,Empleado16
17,Empleado17
18,Empleado18
19,Empleado19
20,Empleado20
21,Empleado21
22,Empleado22
23,Empleado23
24,Empleado24
25,Empleado25
26,Empleado26
27,Empleado27
28,Empleado28
29,Empleado29
30,Empleado30
31,Empleado31
32,Empleado32
33,Empleado33
34,Empleado34
35,Empleado35
36,Empleado36
37,Empleado37
38,Empleado38
39,Empleado39
40,Empleado40
41,Empleado41
42,Empleado42
43,Empleado43
44,Empleado44
45,Empleado45
46,Empleado46
47,Empleado47
48,Empleado48
49,Empleado49
50,Empleado50
